step,boundary,start_monotonic,lateness_ms,overrun,reanchored,measured_act_shoulder_pan,measured_act_shoulder_lift,measured_act_elbow_flex,measured_act_wrist_flex,measured_act_wrist_roll,measured_act_gripper,policy_act_shoulder_pan,policy_act_shoulder_lift,policy_act_elbow_flex,policy_act_wrist_flex,policy_act_wrist_roll,policy_act_gripper,requested_act_shoulder_pan,requested_act_shoulder_lift,requested_act_elbow_flex,requested_act_wrist_flex,requested_act_wrist_roll,requested_act_gripper,executed_act_shoulder_pan,executed_act_shoulder_lift,executed_act_elbow_flex,executed_act_wrist_flex,executed_act_wrist_roll,executed_act_gripper,sent_physical_shoulder_pan,sent_physical_shoulder_lift,sent_physical_elbow_flex,sent_physical_wrist_flex,sent_physical_wrist_roll,sent_physical_gripper,returned_physical_shoulder_pan,returned_physical_shoulder_lift,returned_physical_elbow_flex,returned_physical_wrist_flex,returned_physical_wrist_roll,returned_physical_gripper,raw_goal_ticks_shoulder_pan,raw_goal_ticks_shoulder_lift,raw_goal_ticks_elbow_flex,raw_goal_ticks_wrist_flex,raw_goal_ticks_wrist_roll,raw_goal_ticks_gripper,hold_reason,consecutive_holds,frame_seq,frame_unix_time,frame_age_ms,read_ms,observe_ms,infer_ms,gate_ms,send_ms,step_ms
0,1,0.0,-11.317,0,0,0.022378,-2.845322,2.892530,1.373846,-0.037592,0.226589,0.022222,-2.839600,2.892843,1.370487,-0.037157,0.224983,0.022222,-2.839600,2.892843,1.370487,-0.037157,0.224983,0.022222,-2.839600,2.892843,1.370487,-0.037157,0.224983,0.707352,-90.387260,92.082077,43.623962,-1.182739,13.234305,0.707352,-90.387260,92.082077,43.623962,-1.182739,13.234305,1958,1052,3079,2502,2023,2112,,0,45,1789034103.367644,24.0,1.88,15.71,1.86,0.47,1.99,33.46
1,0,0.03333333333333333,-29.408,0,0,0.022378,-2.845322,2.898190,1.373846,-0.037592,0.226589,0.022146,-2.839375,2.893252,1.370353,-0.037157,0.224966,0.022146,-2.839375,2.893252,1.370353,-0.037157,0.224966,0.022146,-2.839375,2.893252,1.370353,-0.037157,0.224966,0.704918,-90.380127,92.095078,43.619675,-1.182732,13.233304,0.704918,-90.380127,92.095078,43.619675,-1.182732,13.233304,1958,1052,3079,2502,2023,2112,,0,,,,1.51,,0.02,0.44,1.58,33.12
2,0,0.06666666666666667,-29.139,0,0,0.022378,-2.845322,2.903851,1.373846,-0.037592,0.226589,0.022061,-2.839261,2.893620,1.370320,-0.037157,0.225168,0.022061,-2.839261,2.893620,1.370320,-0.037157,0.225168,0.022061,-2.839261,2.893620,1.370320,-0.037157,0.225168,0.702217,-90.376480,92.106766,43.618637,-1.182755,13.245201,0.702217,-90.376480,92.106766,43.618637,-1.182755,13.245201,1958,1052,3079,2502,2023,2112,,0,,,,1.65,,0.02,0.44,1.63,33.08
3,0,0.1,-29.494,0,0,0.022378,-2.845322,2.918001,1.373846,-0.037592,0.226589,0.021933,-2.839240,2.893833,1.370369,-0.037163,0.225597,0.021933,-2.839240,2.893833,1.370369,-0.037163,0.225597,0.021933,-2.839240,2.893833,1.370369,-0.037163,0.225597,0.698151,-90.375824,92.113556,43.620209,-1.182922,13.270390,0.698151,-90.375824,92.113556,43.620209,-1.182922,13.270390,1958,1052,3079,2502,2023,2113,,0,,,,1.47,,0.03,0.44,1.56,33.15
4,0,0.13333333333333333,-28.697,0,0,0.022378,-2.845322,2.926493,1.373846,-0.037592,0.226589,0.021787,-2.839335,2.893816,1.370513,-0.037174,0.226272,0.021787,-2.839335,2.893816,1.370513,-0.037174,0.226272,0.021787,-2.839335,2.893816,1.370514,-0.037174,0.226272,0.693512,-90.378830,92.113022,43.624802,-1.183304,13.310125,0.693512,-90.378830,92.113022,43.624802,-1.183304,13.310125,1958,1052,3079,2502,2023,2113,,0,,,,1.41,,0.03,0.53,2.32,33.18
5,0,0.16666666666666666,-29.712,0,0,0.025821,-2.845322,2.929323,1.373846,-0.037592,0.226589,0.021651,-2.839547,2.893617,1.370764,-0.037195,0.227170,0.021651,-2.839547,2.893617,1.370764,-0.037195,0.227170,0.021651,-2.839547,2.893617,1.370764,-0.037195,0.227170,0.689171,-90.385582,92.106705,43.632797,-1.183960,13.362921,0.689171,-90.385582,92.106705,43.632797,-1.183960,13.362921,1958,1052,3079,2502,2023,2114,,0,,,,1.40,,0.02,0.40,1.50,33.23
6,0,0.2,-29.626,0,0,0.025821,-2.845322,2.929323,1.373846,-0.037592,0.226589,0.021518,-2.839907,2.893284,1.371075,-0.037210,0.228189,0.021518,-2.839907,2.893284,1.371075,-0.037210,0.228189,0.021518,-2.839907,2.893284,1.371075,-0.037210,0.228189,0.684952,-90.397057,92.096085,43.642685,-1.184425,13.422859,0.684952,-90.397057,92.096085,43.642685,-1.184425,13.422859,1958,1051,3079,2502,2023,2115,,0,,,,1.41,,0.02,0.41,1.52,33.15
7,0,0.23333333333333334,-29.503,0,0,0.025821,-2.845322,2.932153,1.373846,-0.037592,0.226589,0.021384,-2.840395,2.892817,1.371430,-0.037214,0.229273,0.021384,-2.840395,2.892817,1.371430,-0.037214,0.229273,0.021384,-2.840395,2.892817,1.371430,-0.037214,0.229273,0.680687,-90.412575,92.081207,43.653961,-1.184555,13.486666,0.680687,-90.412575,92.081207,43.653961,-1.184555,13.486666,1958,1051,3079,2503,2023,2116,,0,,,,1.52,,0.02,0.42,1.56,33.18
8,0,0.26666666666666666,-29.551,0,0,0.022378,-2.845322,2.932153,1.373846,-0.037592,0.226589,0.021302,-2.841011,2.892192,1.371817,-0.037215,0.230367,0.021302,-2.841011,2.892192,1.371817,-0.037215,0.230367,0.021302,-2.841011,2.892191,1.371817,-0.037215,0.230367,0.678062,-90.432175,92.061310,43.666290,-1.184578,13.550994,0.678062,-90.432175,92.061310,43.666290,-1.184578,13.550994,1958,1051,3078,2503,2023,2117,,0,,,,1.50,,0.02,0.40,1.54,33.23
9,0,0.3,-29.430,0,0,0.022378,-2.845322,2.932153,1.373846,-0.037592,0.226589,0.021397,-2.841745,2.891450,1.372274,-0.037210,0.231329,0.021397,-2.841745,2.891450,1.372274,-0.037210,0.231329,0.021397,-2.841745,2.891450,1.372274,-0.037210,0.231329,0.681091,-90.455551,92.037704,43.680847,-1.184425,13.607568,0.681091,-90.455551,92.037704,43.680847,-1.184425,13.607568,1958,1051,3078,2503,2023,2118,,0,,,,1.54,,0.02,0.40,1.56,33.11
10,0,0.3333333333333333,-28.723,0,0,0.022378,-2.845322,2.932153,1.373846,-0.037592,0.226589,0.021741,-2.842648,2.890678,1.372892,-0.037190,0.232023,0.021741,-2.842648,2.890678,1.372892,-0.037190,0.232023,0.021741,-2.842648,2.890678,1.372891,-0.037190,0.232023,0.692032,-90.484283,92.013138,43.700485,-1.183784,13.648420,0.692032,-90.484283,92.013138,43.700485,-1.183784,13.648420,1958,1050,3078,2503,2023,2118,,0,,,,1.95,,0.03,0.52,1.73,33.17
11,0,0.36666666666666664,-29.059,0,0,0.022378,-2.845322,2.932153,1.373846,-0.037592,0.226589,0.022244,-2.843664,2.889917,1.373673,-0.037157,0.232404,0.022244,-2.843664,2.889917,1.373673,-0.037157,0.232404,0.022244,-2.843664,2.889917,1.373673,-0.037157,0.232404,0.708046,-90.516640,91.988892,43.725357,-1.182747,13.670815,0.708046,-90.516640,91.988892,43.725357,-1.182747,13.670815,1958,1050,3078,2503,2023,2119,,0,,,,1.66,,0.03,0.53,1.67,33.14
12,0,0.4,-29.428,0,0,0.022378,-2.845322,2.932153,1.373846,-0.037592,0.226589,0.022722,-2.844682,2.889180,1.374453,-0.037136,0.232496,0.022722,-2.844682,2.889180,1.374453,-0.037136,0.232496,0.022722,-2.844682,2.889180,1.374452,-0.037136,0.232496,0.723251,-90.549026,91.965454,43.750183,-1.182076,13.676256,0.723251,-90.549026,91.965454,43.750183,-1.182076,13.676256,1959,1050,3077,2504,2023,2119,,0,,,,1.52,,0.03,0.40,1.60,33.14
13,0,0.43333333333333335,-29.232,0,0,0.022378,-2.845322,2.932153,1.373846,-0.037592,0.226589,0.023056,-2.845661,2.888545,1.375142,-0.037136,0.232349,0.023056,-2.845661,2.888545,1.375142,-0.037136,0.232349,0.023056,-2.845661,2.888545,1.375142,-0.037136,0.232349,0.733887,-90.580215,91.945251,43.772141,-1.182076,13.667586,0.733887,-90.580215,91.945251,43.772141,-1.182076,13.667586,1959,1049,3077,2504,2023,2118,,0,,,,1.64,,0.03,0.46,1.63,33.15
14,0,0.4666666666666667,-29.373,0,0,0.022378,-2.845322,2.932153,1.373846,-0.037592,0.226589,0.023207,-2.846548,2.888099,1.375740,-0.037141,0.232000,0.023207,-2.846548,2.888099,1.375740,-0.037141,0.232000,0.023207,-2.846548,2.888099,1.375740,-0.037141,0.232000,0.738716,-90.608421,91.931061,43.791168,-1.182220,13.647064,0.738716,-90.608421,91.931061,43.791168,-1.182220,13.647064,1959,1049,3077,2504,2023,2118,,0,,,,1.53,,0.03,0.44,1.63,33.22
15,0,0.5,-29.273,0,0,0.022378,-2.845322,2.932153,1.373846,-0.037592,0.226589,0.023221,-2.847336,2.887885,1.376244,-0.037154,0.231502,0.023221,-2.847336,2.887885,1.376244,-0.037154,0.231502,0.023221,-2.847336,2.887885,1.376243,-0.037154,0.231502,0.739136,-90.633530,91.924240,43.807190,-1.182648,13.617754,0.739136,-90.633530,91.924240,43.807190,-1.182648,13.617754,1959,1049,3077,2504,2023,2118,,0,,,,1.54,,0.02,0.52,1.63,33.14
16,0,0.5333333333333333,-29.476,0,0,0.022378,-2.845322,2.932153,1.373846,-0.037592,0.226589,0.023139,-2.847974,2.887887,1.376598,-0.037175,0.230916,0.023139,-2.847974,2.887887,1.376598,-0.037175,0.230916,0.023139,-2.847974,2.887887,1.376599,-0.037176,0.230916,0.736526,-90.653824,91.924286,43.818481,-1.183334,13.583270,0.736526,-90.653824,91.924286,43.818481,-1.183334,13.583270,1959,1049,3077,2505,2023,2117,,0,,,,1.51,,0.02,0.40,1.59,33.16
17,0,0.5666666666666667,-29.409,0,0,0.022378,-2.845322,2.932153,1.373846,-0.037592,0.226589,0.022965,-2.848419,2.888065,1.376742,-0.037199,0.230295,0.022965,-2.848419,2.888065,1.376742,-0.037199,0.230295,0.022965,-2.848419,2.888065,1.376742,-0.037199,0.230295,0.730988,-90.667984,91.929962,43.823059,-1.184097,13.546753,0.730988,-90.667984,91.929962,43.823059,-1.184097,13.546753,1959,1048,3077,2505,2023,2117,,0,,,,1.55,,0.03,0.42,1.60,33.21
18,0,0.6,-29.210,0,0,0.022378,-2.845322,2.932153,1.373846,-0.037592,0.226589,0.022696,-2.848646,2.888377,1.376692,-0.037222,0.229681,0.022696,-2.848646,2.888377,1.376692,-0.037222,0.229681,0.022696,-2.848646,2.888377,1.376693,-0.037222,0.229681,0.722443,-90.675232,91.939896,43.821472,-1.184807,13.510653,0.722443,-90.675232,91.939896,43.821472,-1.184807,13.510653,1959,1048,3077,2505,2023,2116,,0,,,,1.52,,0.03,0.44,1.70,33.10
19,0,0.6333333333333333,-29.377,0,0,0.022378,-2.845322,2.932153,1.373846,-0.037592,0.226589,0.022349,-2.848698,2.888767,1.376527,-0.037240,0.229094,0.022349,-2.848698,2.888767,1.376527,-0.037240,0.229094,0.022349,-2.848698,2.888767,1.376527,-0.037240,0.229094,0.711380,-90.676880,91.952316,43.816223,-1.185379,13.476133,0.711380,-90.676880,91.952316,43.816223,-1.185379,13.476133,1958,1048,3077,2504,2023,2116,,0,,,,1.59,,0.02,0.41,1.59,33.18
20,0,0.6666666666666666,-29.175,0,0,0.022378,-2.845322,2.932153,1.373846,-0.037592,0.226589,0.021909,-2.848614,2.889182,1.376327,-0.037251,0.228527,0.021909,-2.848614,2.889182,1.376327,-0.037251,0.228527,0.021909,-2.848614,2.889182,1.376327,-0.037251,0.228527,0.697395,-90.674179,91.965515,43.809845,-1.185730,13.442776,0.697395,-90.674179,91.965515,43.809845,-1.185730,13.442776,1958,1048,3077,2504,2023,2115,,0,,,,1.47,,0.03,0.63,1.70,33.18
21,0,0.7,-28.910,0,0,0.022378,-2.845322,2.932153,1.373846,-0.037592,0.226589,0.021419,-2.848411,2.889534,1.376171,-0.037250,0.228000,0.021419,-2.848411,2.889534,1.376171,-0.037250,0.228000,0.021419,-2.848411,2.889534,1.376171,-0.037250,0.228000,0.681793,-90.667725,91.976715,43.804901,-1.185692,13.411772,0.681793,-90.667725,91.976715,43.804901,-1.185692,13.411772,1958,1048,3077,2504,2023,2115,,0,,,,1.56,,0.16,0.54,1.80,33.19
22,0,0.7333333333333333,-28.817,0,0,0.022378,-2.845322,2.932153,1.373846,-0.037592,0.226589,0.020992,-2.848134,2.889783,1.376162,-0.037229,0.227573,0.020992,-2.848134,2.889783,1.376162,-0.037229,0.227573,0.020992,-2.848134,2.889783,1.376162,-0.037229,0.227573,0.668182,-90.658928,91.984650,43.804611,-1.185028,13.386637,0.668182,-90.658928,91.984650,43.804611,-1.185028,13.386637,1958,1048,3078,2504,2023,2114,,0,,,,1.67,,0.03,0.52,1.95,33.16
23,0,0.7666666666666667,-28.490,0,0,0.022378,-2.845322,2.932153,1.373846,-0.037592,0.226589,0.020715,-2.847826,2.889927,1.376344,-0.037187,0.227301,0.020715,-2.847826,2.889927,1.376344,-0.037187,0.227301,0.020715,-2.847826,2.889926,1.376345,-0.037187,0.227301,0.659370,-90.649132,91.989212,43.810410,-1.183693,13.370654,0.659370,-90.649132,91.989212,43.810410,-1.183693,13.370654,1958,1049,3078,2504,2023,2114,,0,,,,1.79,,0.03,0.47,1.85,32.85
24,0,0.8,-28.769,0,0,0.022378,-2.845322,2.932153,1.373846,-0.037592,0.226589,0.020611,-2.847502,2.889959,1.376651,-0.037123,0.227182,0.020611,-2.847502,2.889959,1.376651,-0.037123,0.227182,0.020611,-2.847502,2.889959,1.376651,-0.037123,0.227182,0.656059,-90.638786,91.990234,43.820160,-1.181671,13.363653,0.656059,-90.638786,91.990234,43.820160,-1.181671,13.363653,1958,1049,3078,2505,2023,2114,,0,,,,1.70,,0.04,0.48,1.96,33.15
25,0,0.8333333333333334,-28.768,0,0,0.022378,-2.845322,2.932153,1.373846,-0.037592,0.226589,0.020672,-2.847157,2.889883,1.376968,-0.037044,0.227151,0.020672,-2.847157,2.889883,1.376968,-0.037044,0.227151,0.020672,-2.847157,2.889883,1.376968,-0.037044,0.227151,0.658012,-90.627808,91.987839,43.830246,-1.179138,13.361838,0.658012,-90.627808,91.987839,43.830246,-1.179138,13.361838,1958,1049,3078,2505,2023,2114,,0,,,,1.77,,0.04,0.50,1.88,33.45
26,0,0.8666666666666667,-28.839,0,0,0.025821,-2.845322,2.932153,1.373846,-0.037592,0.226589,0.020833,-2.846829,2.889748,1.377259,-0.036960,0.227134,0.020833,-2.846829,2.889748,1.377259,-0.036960,0.227134,0.020833,-2.846829,2.889748,1.377259,-0.036960,0.227134,0.663124,-90.617378,91.983536,43.839508,-1.176483,13.360846,0.663124,-90.617378,91.983536,43.839508,-1.176483,13.360846,1958,1049,3078,2505,2023,2114,,0,,,,1.57,,0.03,0.51,1.76,32.85
27,0,0.9,-29.436,0,0,0.025821,-2.845322,2.932153,1.373846,-0.037592,0.226589,0.020997,-2.846559,2.889587,1.377517,-0.036885,0.227090,0.020997,-2.846559,2.889587,1.377517,-0.036885,0.227090,0.020997,-2.846559,2.889587,1.377517,-0.036885,0.227090,0.668350,-90.608788,91.978424,43.847733,-1.174072,13.358248,0.668350,-90.608788,91.978424,43.847733,-1.174072,13.358248,1958,1049,3077,2505,2023,2114,,0,,,,1.55,,0.02,0.40,1.61,33.17
28,0,0.9333333333333333,-29.391,0,0,0.022378,-2.845322,2.932153,1.373846,-0.037592,0.226589,0.021088,-2.846388,2.889420,1.377752,-0.036821,0.227020,0.021088,-2.846388,2.889420,1.377752,-0.036821,0.227020,0.021088,-2.846388,2.889419,1.377752,-0.036821,0.227020,0.671242,-90.603348,91.973083,43.855194,-1.172035,13.354111,0.671242,-90.603348,91.973083,43.855194,-1.172035,13.354111,1958,1049,3077,2505,2023,2114,,0,,,,1.51,,0.03,0.41,1.65,33.13
29,0,0.9666666666666667,-29.460,0,0,0.022378,-2.845322,2.932153,1.373846,-0.037592,0.226589,0.021122,-2.846355,2.889266,1.377976,-0.036770,0.226926,0.021122,-2.846355,2.889266,1.377976,-0.036770,0.226926,0.021122,-2.846355,2.889266,1.377976,-0.036770,0.226926,0.672356,-90.602303,91.968185,43.862335,-1.170441,13.348588,0.672356,-90.602303,91.968185,43.862335,-1.170441,13.348588,1958,1049,3077,2505,2023,2114,,0,,,,1.50,,0.03,0.41,1.62,33.24
30,0,1.0,-29.245,0,0,0.022378,-2.845322,2.932153,1.373846,-0.037592,0.226589,0.021143,-2.846479,2.889141,1.378192,-0.036733,0.226780,0.021143,-2.846479,2.889141,1.378192,-0.036733,0.226780,0.021143,-2.846479,2.889141,1.378192,-0.036733,0.226780,0.673004,-90.606239,91.964218,43.869202,-1.169258,13.340014,0.673004,-90.606239,91.964218,43.869202,-1.169258,13.340014,1958,1049,3077,2505,2023,2114,,0,,,,1.57,,0.03,0.42,1.64,33.10
31,0,1.0333333333333334,-29.430,0,0,0.022378,-2.845322,2.932153,1.373846,-0.037592,0.226589,0.021172,-2.846726,2.889035,1.378332,-0.036707,0.226501,0.021172,-2.846726,2.889035,1.378332,-0.036707,0.226501,0.021172,-2.846726,2.889035,1.378332,-0.036707,0.226501,0.673927,-90.614098,91.960846,43.873672,-1.168434,13.323575,0.673927,-90.614098,91.960846,43.873672,-1.168434,13.323575,1958,1049,3077,2505,2023,2113,,0,,,,1.54,,0.02,0.41,1.62,33.19
32,0,1.0666666666666667,-29.401,0,0,0.022378,-2.845322,2.932153,1.373846,-0.037592,0.226589,0.021204,-2.847024,2.888927,1.378310,-0.036698,0.226088,0.021204,-2.847024,2.888927,1.378310,-0.036698,0.226088,0.021204,-2.847024,2.888927,1.378310,-0.036698,0.226088,0.674942,-90.623581,91.957397,43.872986,-1.168129,13.299319,0.674942,-90.623581,91.957397,43.872986,-1.168129,13.299319,1958,1049,3077,2505,2023,2113,,0,,,,1.61,,0.02,0.41,1.60,33.25
33,0,1.1,-29.358,0,0,0.022378,-2.845322,2.932153,1.373846,-0.037592,0.226589,0.021222,-2.847301,2.888783,1.378064,-0.036708,0.225685,0.021222,-2.847301,2.888783,1.378064,-0.036708,0.225685,0.021222,-2.847301,2.888783,1.378064,-0.036708,0.225685,0.675514,-90.632416,91.952820,43.865158,-1.168442,13.275570,0.675514,-90.632416,91.952820,43.865158,-1.168442,13.275570,1958,1049,3077,2505,2023,2113,,0,,,,1.55,,0.02,0.44,1.58,33.13
34,0,1.1333333333333333,-29.241,0,0,0.022378,-2.845322,2.932153,1.373846,-0.037592,0.226589,0.021212,-2.847537,2.888590,1.377619,-0.036734,0.225507,0.021212,-2.847537,2.888590,1.377619,-0.036734,0.225507,0.021212,-2.847537,2.888590,1.377619,-0.036734,0.225507,0.675201,-90.639915,91.946671,43.850967,-1.169273,13.265130,0.675201,-90.639915,91.946671,43.850967,-1.169273,13.265130,1958,1049,3077,2505,2023,2113,,0,,,,1.53,,0.03,0.53,1.67,33.16
35,0,1.1666666666666667,-29.338,0,0,0.022378,-2.845322,2.932153,1.373846,-0.037592,0.226589,0.021139,-2.847772,2.888354,1.377089,-0.036768,0.225725,0.021139,-2.847772,2.888354,1.377089,-0.036768,0.225725,0.021139,-2.847772,2.888354,1.377089,-0.036768,0.225725,0.672890,-90.647385,91.939163,43.834106,-1.170372,13.277912,0.672890,-90.647385,91.939163,43.834106,-1.170372,13.277912,1958,1049,3077,2505,2023,2113,,0,,,,1.62,,0.02,0.41,1.61,33.22
36,0,1.2,-28.776,0,0,0.022378,-2.845322,2.932153,1.373846,-0.037592,0.226589,0.021014,-2.848058,2.888099,1.376618,-0.036801,0.226379,0.021014,-2.848058,2.888099,1.376618,-0.036801,0.226379,0.021014,-2.848058,2.888099,1.376618,-0.036801,0.226379,0.668907,-90.656509,91.931046,43.819122,-1.171402,13.316387,0.668907,-90.656509,91.931046,43.819122,-1.171402,13.316387,1958,1049,3077,2505,2023,2113,,0,,,,1.41,,0.02,0.44,2.28,33.14
37,0,1.2333333333333334,-28.862,0,0,0.025821,-2.845322,2.932153,1.373846,-0.037592,0.226589,0.020861,-2.848429,2.887892,1.376336,-0.036820,0.227362,0.020861,-2.848429,2.887892,1.376336,-0.036820,0.227362,0.020861,-2.848429,2.887892,1.376336,-0.036820,0.227362,0.664032,-90.668297,91.924469,43.810135,-1.172028,13.374215,0.664032,-90.668297,91.924469,43.810135,-1.172028,13.374215,1958,1048,3077,2504,2023,2114,,0,,,,1.57,,0.03,0.42,2.05,33.10
38,0,1.2666666666666666,-29.466,0,0,0.025821,-2.845322,2.932153,1.373846,-0.037592,0.226589,0.020778,-2.848902,2.887795,1.376321,-0.036820,0.228419,0.020778,-2.848902,2.887795,1.376321,-0.036820,0.228419,0.020778,-2.848902,2.887795,1.376321,-0.036820,0.228419,0.661400,-90.683380,91.921356,43.809662,-1.172012,13.436428,0.661400,-90.683380,91.921356,43.809662,-1.172012,13.436428,1958,1048,3077,2504,2023,2115,,0,,,,1.45,,0.02,0.40,1.68,33.20
39,0,1.3,-29.221,0,0,0.022378,-2.845322,2.932153,1.373846,-0.037592,0.226589,0.020864,-2.849409,2.887778,1.376477,-0.036794,0.229252,0.020864,-2.849409,2.887778,1.376477,-0.036794,0.229252,0.020864,-2.849409,2.887778,1.376477,-0.036794,0.229252,0.664116,-90.699516,91.920822,43.814606,-1.171188,13.485414,0.664116,-90.699516,91.920822,43.814606,-1.171188,13.485414,1958,1048,3077,2504,2023,2116,,0,,,,1.48,,0.02,0.40,1.77,33.20
40,0,1.3333333333333333,-29.551,0,0,0.022378,-2.845322,2.932153,1.373846,-0.037592,0.226589,0.021132,-2.849785,2.887706,1.376510,-0.036743,0.229663,0.021132,-2.849785,2.887706,1.376510,-0.036743,0.229663,0.021132,-2.849785,2.887706,1.376510,-0.036743,0.229663,0.672653,-90.711472,91.918518,43.815689,-1.169556,13.509604,0.672653,-90.711472,91.918518,43.815689,-1.169556,13.509604,1958,1048,3077,2504,2023,2116,,0,,,,1.44,,0.02,0.42,1.56,33.14
41,0,1.3666666666666667,-29.505,0,0,0.022378,-2.845322,2.932153,1.373846,-0.037592,0.226589,0.021495,-2.849934,2.887505,1.376229,-0.036675,0.229599,0.021495,-2.849934,2.887505,1.376229,-0.036675,0.229599,0.021495,-2.849934,2.887505,1.376229,-0.036675,0.229599,0.684212,-90.716209,91.912155,43.806717,-1.167412,13.505804,0.684212,-90.716209,91.912155,43.806717,-1.167412,13.505804,1958,1048,3077,2504,2023,2116,,0,,,,1.51,,0.02,0.41,1.57,33.24
42,0,1.4,-29.277,0,0,0.025821,-2.845322,2.932153,1.373846,-0.037592,0.226589,0.021737,-2.849861,2.887199,1.375624,-0.036609,0.229120,0.021737,-2.849861,2.887199,1.375624,-0.036609,0.229120,0.021737,-2.849861,2.887199,1.375624,-0.036609,0.229120,0.691917,-90.713898,91.902405,43.787476,-1.165306,13.477635,0.691917,-90.713898,91.902405,43.787476,-1.165306,13.477635,1958,1048,3077,2504,2023,2116,,0,,,,1.60,,0.03,0.42,1.58,33.11
43,0,1.4333333333333333,-29.292,0,0,0.025821,-2.845322,2.932153,1.373846,-0.037592,0.226589,0.021721,-2.849668,2.886882,1.374839,-0.036564,0.228317,0.021721,-2.849668,2.886882,1.374839,-0.036564,0.228317,0.021721,-2.849668,2.886882,1.374839,-0.036564,0.228317,0.691391,-90.707741,91.892303,43.762482,-1.163879,13.430410,0.691391,-90.707741,91.892303,43.762482,-1.163879,13.430410,1958,1048,3077,2504,2023,2115,,0,,,,1.62,,0.03,0.41,1.65,33.18
44,0,1.4666666666666666,-28.923,0,0,0.022378,-2.845322,2.932153,1.373846,-0.037592,0.226589,0.021506,-2.849464,2.886635,1.374012,-0.036551,0.227275,0.021506,-2.849464,2.886635,1.374012,-0.036551,0.227275,0.021506,-2.849464,2.886635,1.374012,-0.036551,0.227275,0.684547,-90.701263,91.884445,43.736145,-1.163445,13.369125,0.684547,-90.701263,91.884445,43.736145,-1.163445,13.369125,1958,1048,3076,2504,2023,2114,,0,,,,1.60,,0.03,0.43,1.83,33.18
45,0,1.5,-29.020,0,0,0.022378,-2.845322,2.932153,1.373846,-0.037592,0.226589,0.021327,-2.849325,2.886505,1.373294,-0.036564,0.226114,0.021327,-2.849325,2.886505,1.373294,-0.036564,0.226114,0.021327,-2.849325,2.886505,1.373294,-0.036564,0.226114,0.678848,-90.696838,91.880325,43.713303,-1.163864,13.300827,0.678848,-90.696838,91.880325,43.713303,-1.163864,13.300827,1958,1048,3076,2503,2023,2113,,0,,,,1.58,,0.03,0.55,1.72,33.06
46,0,1.5333333333333334,-29.345,0,0,0.025821,-2.845322,2.932153,1.373846,-0.037592,0.226589,0.021278,-2.849305,2.886556,1.372872,-0.036600,0.224982,0.021278,-2.849305,2.886556,1.372872,-0.036600,0.224982,0.021278,-2.849305,2.886556,1.372872,-0.036600,0.224982,0.677284,-90.696198,91.881927,43.699875,-1.165024,13.234255,0.677284,-90.696198,91.881927,43.699875,-1.165024,13.234255,1958,1048,3076,2503,2023,2112,,0,,,,1.58,,0.03,0.44,1.60,33.18
47,0,1.5666666666666667,-29.406,0,0,0.025821,-2.845322,2.932153,1.373846,-0.037592,0.226589,0.021221,-2.849419,2.886823,1.372806,-0.036660,0.224000,0.021221,-2.849419,2.886823,1.372806,-0.036660,0.224000,0.021221,-2.849419,2.886823,1.372806,-0.036660,0.224000,0.675499,-90.699821,91.890427,43.697769,-1.166931,13.176497,0.675499,-90.699821,91.890427,43.697769,-1.166931,13.176497,1958,1048,3076,2503,2023,2111,,0,,,,1.51,,0.03,0.44,1.64,33.22
48,0,1.6,-29.355,0,0,0.025821,-2.845322,2.932153,1.373846,-0.037592,0.226589,0.020889,-2.849624,2.887230,1.372976,-0.036746,0.223275,0.020889,-2.849624,2.887230,1.372976,-0.036746,0.223275,0.020889,-2.849624,2.887230,1.372976,-0.036746,0.223275,0.664917,-90.706360,91.903381,43.703186,-1.169655,13.133830,0.664917,-90.706360,91.903381,43.703186,-1.169655,13.133830,1958,1048,3077,2503,2023,2111,,0,,,,1.50,,0.04,0.45,1.62,33.15
49,0,1.6333333333333333,-29.276,0,0,0.022378,-2.845322,2.932153,1.373846,-0.037592,0.226589,0.020050,-2.849797,2.887582,1.373150,-0.036855,0.222844,0.020050,-2.849797,2.887582,1.373150,-0.036855,0.222844,0.020050,-2.849797,2.887582,1.373150,-0.036854,0.222844,0.638199,-90.711853,91.914597,43.708710,-1.173111,13.108489,0.638199,-90.711853,91.914597,43.708710,-1.173111,13.108489,1958,1048,3077,2503,2023,2110,,0,,,,1.63,,0.03,0.45,1.62,33.31
50,0,1.6666666666666667,-28.911,0,0,0.022378,-2.845322,2.932153,1.373846,-0.037592,0.226589,0.018638,-2.849819,2.887736,1.373260,-0.036983,0.222664,0.018638,-2.849819,2.887736,1.373260,-0.036983,0.222664,0.018638,-2.849819,2.887736,1.373259,-0.036983,0.222664,0.593254,-90.712547,91.919479,43.712204,-1.177200,13.097885,0.593254,-90.712547,91.919479,43.712204,-1.177200,13.097885,1957,1048,3077,2503,2023,2110,,0,,,,1.72,,0.03,0.44,1.72,33.07
51,0,1.7,-28.942,0,0,0.025821,-2.845322,2.932153,1.373846,-0.037592,0.226589,0.016815,-2.849604,2.887650,1.373352,-0.037125,0.222717,0.016815,-2.849604,2.887650,1.373352,-0.037125,0.222717,0.016815,-2.849604,2.887650,1.373352,-0.037125,0.222717,0.535240,-90.705711,91.916763,43.715149,-1.181732,13.100987,0.535240,-90.705711,91.916763,43.715149,-1.181732,13.100987,1957,1048,3077,2503,2023,2110,,0,,,,1.65,,0.04,0.53,1.72,33.09
52,0,1.7333333333333334,-29.380,0,0,0.025821,-2.845322,2.932153,1.373846,-0.037592,0.226589,0.014828,-2.849115,2.887364,1.373462,-0.037271,0.222984,0.014828,-2.849115,2.887364,1.373462,-0.037271,0.222984,0.014828,-2.849115,2.887364,1.373462,-0.037271,0.222984,0.471985,-90.690155,91.907654,43.718674,-1.186386,13.116699,0.471985,-90.690155,91.907654,43.718674,-1.186386,13.116699,1956,1048,3077,2503,2023,2110,,0,,,,1.46,,0.03,0.41,1.68,33.13
53,0,1.7666666666666666,-29.378,0,0,0.025821,-2.845322,2.932153,1.373846,-0.037592,0.226589,0.012872,-2.848381,2.886964,1.373577,-0.037410,0.223479,0.012872,-2.848381,2.886964,1.373577,-0.037410,0.223479,0.012872,-2.848381,2.886964,1.373577,-0.037410,0.223479,0.409744,-90.666763,91.894897,43.722321,-1.190796,13.145852,0.409744,-90.666763,91.894897,43.722321,-1.190796,13.145852,1956,1048,3077,2503,2023,2111,,0,,,,1.50,,0.03,0.47,1.64,33.23
54,0,1.8,-29.358,0,0,0.022378,-2.845322,2.932153,1.373846,-0.037592,0.226589,0.011076,-2.847486,2.886545,1.373643,-0.037532,0.224161,0.011076,-2.847486,2.886545,1.373643,-0.037532,0.224161,0.011076,-2.847486,2.886545,1.373643,-0.037532,0.224161,0.352570,-90.638283,91.881592,43.724411,-1.194687,13.185948,0.352570,-90.638283,91.881592,43.724411,-1.194687,13.185948,1955,1049,3076,2503,2023,2111,,0,,,,1.51,,0.03,0.45,1.56,33.10
55,0,1.8333333333333333,-29.097,0,0,0.022378,-2.845322,2.932153,1.373846,-0.037592,0.226589,0.009581,-2.846583,2.886251,1.373701,-0.037631,0.224912,0.009581,-2.846583,2.886251,1.373701,-0.037631,0.224912,0.009581,-2.846583,2.886251,1.373701,-0.037631,0.224912,0.304962,-90.609535,91.872223,43.726257,-1.197815,13.230112,0.304962,-90.609535,91.872223,43.726257,-1.197815,13.230112,1955,1049,3076,2503,2022,2112,,0,,,,1.75,,0.03,0.45,1.64,33.20
56,0,1.8666666666666667,-28.892,0,0,0.022378,-2.845322,2.932153,1.373846,-0.037592,0.226589,0.008547,-2.845788,2.886170,1.373758,-0.037705,0.225575,0.008547,-2.845788,2.886170,1.373758,-0.037705,0.225575,0.008547,-2.845788,2.886171,1.373757,-0.037705,0.225575,0.272049,-90.584251,91.869659,43.728058,-1.200172,13.269123,0.272049,-90.584251,91.869659,43.728058,-1.200172,13.269123,1954,1049,3076,2503,2022,2113,,0,,,,1.61,,0.03,0.44,1.97,33.20
57,0,1.9,-29.066,0,0,0.025821,-2.845322,2.932153,1.373846,-0.037592,0.226589,0.008044,-2.845149,2.886281,1.373731,-0.037762,0.225994,0.008044,-2.845149,2.886281,1.373731,-0.037762,0.225994,0.008044,-2.845149,2.886281,1.373731,-0.037762,0.225994,0.256058,-90.563904,91.873184,43.727234,-1.201996,13.293752,0.256058,-90.563904,91.873184,43.727234,-1.201996,13.293752,1954,1050,3076,2503,2022,2113,,0,,,,1.56,,0.03,0.42,1.84,33.13
58,0,1.9333333333333333,-29.024,0,0,0.025821,-2.845322,2.932153,1.373846,-0.037592,0.226589,0.008016,-2.844631,2.886446,1.373487,-0.037809,0.226104,0.008016,-2.844631,2.886446,1.373487,-0.037809,0.226104,0.008016,-2.844631,2.886446,1.373487,-0.037809,0.226104,0.255165,-90.547409,91.878418,43.719437,-1.203506,13.300252,0.255165,-90.547409,91.878418,43.719437,-1.203506,13.300252,1954,1050,3076,2503,2022,2113,,0,,,,1.63,,0.03,0.52,1.78,33.21
59,0,1.9666666666666666,-28.958,0,0,0.022378,-2.845322,2.932153,1.373846,-0.037592,0.226589,0.008400,-2.844231,2.886564,1.373091,-0.037853,0.225981,0.008400,-2.844231,2.886564,1.373091,-0.037853,0.225981,0.008400,-2.844231,2.886564,1.373091,-0.037853,0.225981,0.267387,-90.534668,91.882187,43.706848,-1.204887,13.292992,0.267387,-90.534668,91.882187,43.706848,-1.204887,13.292992,1954,1050,3076,2503,2022,2113,,0,,,,1.61,,0.03,0.54,1.84,33.25
60,0,2.0,-29.418,0,0,0.022378,-2.845322,2.932153,1.373846,-0.037592,0.226589,0.009188,-2.843959,2.886585,1.372741,-0.037891,0.225739,0.009188,-2.843959,2.886585,1.372741,-0.037891,0.225739,0.009188,-2.843959,2.886585,1.372741,-0.037891,0.225739,0.292480,-90.526031,91.882843,43.695709,-1.206100,13.278768,0.292480,-90.526031,91.882843,43.695709,-1.206100,13.278768,1955,1050,3076,2503,2022,2113,,0,,,,1.44,,0.03,0.41,1.61,33.05
61,0,2.033333333333333,-29.427,0,0,0.025821,-2.845322,2.932153,1.373846,-0.037592,0.226589,0.010337,-2.843777,2.886478,1.372579,-0.037922,0.225493,0.010337,-2.843777,2.886478,1.372579,-0.037922,0.225493,0.010337,-2.843777,2.886478,1.372579,-0.037922,0.225493,0.329041,-90.520241,91.879440,43.690536,-1.207092,13.264272,0.329041,-90.520241,91.879440,43.690536,-1.207092,13.264272,1955,1050,3076,2503,2022,2113,,0,,,,1.61,,0.02,0.40,1.59,33.21
62,0,2.066666666666667,-29.455,0,0,0.025821,-2.845322,2.932153,1.373846,-0.037592,0.226589,0.011703,-2.843591,2.886215,1.372597,-0.037944,0.225306,0.011703,-2.843591,2.886215,1.372597,-0.037944,0.225306,0.011703,-2.843592,2.886214,1.372597,-0.037944,0.225306,0.372528,-90.514328,91.871063,43.691101,-1.207794,13.253284,0.372528,-90.514328,91.871063,43.691101,-1.207794,13.253284,1955,1050,3076,2503,2022,2112,,0,,,,1.54,,0.03,0.41,1.60,33.22
63,0,2.1,-29.184,0,0,0.022378,-2.845322,2.932153,1.373846,-0.037592,0.226589,0.013124,-2.843328,2.885824,1.372728,-0.037955,0.225171,0.013124,-2.843328,2.885824,1.372728,-0.037955,0.225171,0.013124,-2.843328,2.885824,1.372728,-0.037955,0.225171,0.417755,-90.505943,91.858643,43.695267,-1.208138,13.245362,0.417755,-90.505943,91.858643,43.695267,-1.208138,13.245362,1956,1050,3076,2503,2022,2112,,0,,,,1.56,,0.03,0.56,1.62,33.13
64,0,2.1333333333333333,-29.171,0,0,0.022378,-2.845322,2.932153,1.373846,-0.037592,0.226589,0.014498,-2.842940,2.885361,1.372832,-0.037955,0.225081,0.014498,-2.842940,2.885361,1.372832,-0.037955,0.225081,0.014498,-2.842940,2.885361,1.372832,-0.037955,0.225081,0.461487,-90.493584,91.843887,43.698593,-1.208153,13.240054,0.461487,-90.493584,91.843887,43.698593,-1.208153,13.240054,1956,1050,3076,2503,2022,2112,,0,,,,1.65,,0.03,0.45,1.65,33.16
65,0,2.1666666666666665,-29.496,0,0,0.022378,-2.845322,2.932153,1.373846,-0.037592,0.226589,0.015847,-2.842435,2.884893,1.372841,-0.037947,0.225046,0.015847,-2.842435,2.884893,1.372841,-0.037947,0.225046,0.015847,-2.842435,2.884893,1.372841,-0.037947,0.225046,0.504433,-90.477524,91.828995,43.698883,-1.207893,13.237983,0.504433,-90.477524,91.828995,43.698883,-1.207893,13.237983,1957,1051,3076,2503,2022,2112,,0,,,,1.45,,0.02,0.40,1.62,33.18
66,0,2.2,-29.361,0,0,0.025821,-2.845322,2.932153,1.373846,-0.037592,0.226589,0.017167,-2.841897,2.884510,1.372786,-0.037933,0.225094,0.017167,-2.841897,2.884510,1.372786,-0.037933,0.225094,0.017167,-2.841897,2.884510,1.372786,-0.037933,0.225094,0.546455,-90.460403,91.816803,43.697128,-1.207451,13.240844,0.546455,-90.460403,91.816803,43.697128,-1.207451,13.240844,1957,1051,3076,2503,2022,2112,,0,,,,1.58,,0.02,0.40,1.60,33.13
67,0,2.2333333333333334,-29.034,0,0,0.022378,-2.845322,2.932153,1.373846,-0.037592,0.226589,0.018389,-2.841412,2.884259,1.372677,-0.037919,0.225241,0.018389,-2.841412,2.884259,1.372677,-0.037919,0.225241,0.018389,-2.841412,2.884259,1.372677,-0.037919,0.225241,0.585327,-90.444939,91.808807,43.693665,-1.206985,13.249481,0.585327,-90.444939,91.808807,43.693665,-1.206985,13.249481,1957,1051,3076,2503,2022,2112,,0,,,,1.58,,0.02,0.44,1.93,33.18
68,0,2.2666666666666666,-29.414,0,0,0.022378,-2.845322,2.932153,1.373846,-0.037592,0.226589,0.019468,-2.841039,2.884143,1.372513,-0.037906,0.225427,0.019468,-2.841039,2.884143,1.372513,-0.037906,0.225427,0.019468,-2.841039,2.884143,1.372513,-0.037906,0.225427,0.619682,-90.433075,91.805130,43.688446,-1.206589,13.260430,0.619682,-90.433075,91.805130,43.688446,-1.206589,13.260430,1958,1051,3076,2503,2022,2113,,0,,,,1.52,,0.02,0.40,1.66,33.20
69,0,2.3,-29.130,0,0,0.022378,-2.845322,2.932153,1.373846,-0.037592,0.226589,0.020427,-2.840823,2.884166,1.372334,-0.037897,0.225530,0.020427,-2.840823,2.884166,1.372334,-0.037897,0.225530,0.020427,-2.840823,2.884166,1.372334,-0.037897,0.225530,0.650215,-90.426193,91.805847,43.682739,-1.206299,13.266465,0.650215,-90.426193,91.805847,43.682739,-1.206299,13.266465,1958,1051,3076,2503,2022,2113,,0,,,,1.42,,0.02,0.41,1.96,33.15
70,0,2.3333333333333335,-28.872,0,0,0.022378,-2.845322,2.932153,1.373846,-0.037592,0.226589,0.021294,-2.840769,2.884312,1.372206,-0.037894,0.225444,0.021294,-2.840769,2.884312,1.372206,-0.037894,0.225444,0.021294,-2.840769,2.884312,1.372206,-0.037894,0.225444,0.677811,-90.424492,91.810501,43.678680,-1.206192,13.261411,0.677811,-90.424492,91.810501,43.678680,-1.206192,13.261411,1958,1051,3076,2503,2022,2113,,0,,,,1.45,,0.03,0.54,2.10,33.20
71,0,2.3666666666666667,-28.548,0,0,0.022378,-2.845322,2.932153,1.373846,-0.037592,0.226589,0.022032,-2.840822,2.884499,1.372102,-0.037897,0.225115,0.022032,-2.840822,2.884499,1.372102,-0.037897,0.225115,0.022032,-2.840822,2.884499,1.372102,-0.037897,0.225115,0.701286,-90.426178,91.816452,43.675369,-1.206299,13.242030,0.701286,-90.426178,91.816452,43.675369,-1.206299,13.242030,1958,1051,3076,2503,2022,2112,,0,,,,1.47,,0.02,0.47,2.50,33.17
72,0,2.4,-29.491,0,0,0.022378,-2.845322,2.932153,1.373846,-0.037592,0.226589,0.022563,-2.840918,2.884652,1.372009,-0.037908,0.224508,0.022563,-2.840918,2.884652,1.372009,-0.037908,0.224508,0.022563,-2.840918,2.884652,1.372009,-0.037908,0.224508,0.718216,-90.429214,91.821335,43.672379,-1.206657,13.206368,0.718216,-90.429214,91.821335,43.672379,-1.206657,13.206368,1959,1051,3076,2503,2022,2112,,0,,,,1.45,,0.02,0.40,1.62,33.17
73,0,2.433333333333333,-28.536,0,0,0.022378,-2.845322,2.932153,1.373846,-0.037592,0.226589,0.022881,-2.840978,2.884732,1.371949,-0.037925,0.223581,0.022881,-2.840978,2.884732,1.371949,-0.037925,0.223581,0.022881,-2.840978,2.884732,1.371949,-0.037925,0.223581,0.728333,-90.431137,91.823868,43.670486,-1.207176,13.151845,0.728333,-90.431137,91.823868,43.670486,-1.207176,13.151845,1959,1051,3076,2503,2022,2111,,0,,,,1.50,,0.02,0.44,2.47,33.18
74,0,2.466666666666667,-29.066,0,0,0.022378,-2.845322,2.932153,1.373846,-0.037592,0.226589,0.023074,-2.840921,2.884733,1.371910,-0.037940,0.222329,0.023074,-2.840921,2.884733,1.371910,-0.037940,0.222329,0.023074,-2.840921,2.884733,1.371910,-0.037940,0.222329,0.734474,-90.429337,91.823914,43.669250,-1.207657,13.078159,0.734474,-90.429337,91.823914,43.669250,-1.207657,13.078159,1959,1051,3076,2503,2022,2110,,0,,,,1.66,,0.03,0.43,1.77,33.25
75,0,2.5,-29.035,0,0,0.022378,-2.845322,2.932153,1.373846,-0.037592,0.226589,0.023226,-2.840695,2.884673,1.371829,-0.037947,0.220908,0.023226,-2.840695,2.884673,1.371829,-0.037947,0.220908,0.023226,-2.840695,2.884673,1.371829,-0.037947,0.220908,0.739326,-90.422134,91.822006,43.666656,-1.207909,12.994567,0.739326,-90.422134,91.822006,43.666656,-1.207909,12.994567,1959,1051,3076,2503,2022,2109,,0,,,,1.58,,0.02,0.55,1.74,33.11
76,0,2.533333333333333,-29.254,0,0,0.022378,-2.845322,2.932153,1.373846,-0.037592,0.226589,0.023323,-2.840312,2.884599,1.371660,-0.037945,0.219620,0.023323,-2.840312,2.884599,1.371660,-0.037945,0.219620,0.023323,-2.840312,2.884599,1.371661,-0.037945,0.219620,0.742401,-90.409935,91.819641,43.661316,-1.207832,12.918845,0.742401,-90.409935,91.819641,43.661316,-1.207832,12.918845,1959,1051,3076,2503,2022,2108,,0,,,,1.65,,0.03,0.43,1.66,33.21
77,0,2.566666666666667,-29.209,0,0,0.022378,-2.845322,2.932153,1.373846,-0.037592,0.226589,0.023358,-2.839867,2.884611,1.371412,-0.037933,0.218768,0.023358,-2.839867,2.884611,1.371412,-0.037933,0.218768,0.023358,-2.839867,2.884611,1.371413,-0.037933,0.218768,0.743507,-90.395775,91.820023,43.653412,-1.207443,12.868720,0.743507,-90.395775,91.820023,43.653412,-1.207443,12.868720,1959,1051,3076,2503,2022,2107,,0,,,,1.60,,0.03,0.43,1.69,33.33
78,0,2.6,-28.911,0,0,0.022378,-2.845322,2.932153,1.373846,-0.037592,0.226589,0.023414,-2.839530,2.884829,1.371080,-0.037906,0.218509,0.023414,-2.839530,2.884829,1.371080,-0.037906,0.218509,0.023414,-2.839530,2.884829,1.371080,-0.037907,0.218509,0.745300,-90.385056,91.826965,43.642822,-1.206604,12.853482,0.745300,-90.385056,91.826965,43.642822,-1.206604,12.853482,1959,1052,3076,2502,2022,2107,,0,,,,1.71,,0.03,0.43,1.68,32.94
79,0,2.6333333333333333,-29.268,0,0,0.022378,-2.845322,2.932153,1.373846,-0.037592,0.226589,0.023579,-2.839582,2.885411,1.370684,-0.037864,0.218827,0.023579,-2.839582,2.885411,1.370684,-0.037864,0.218827,0.023579,-2.839582,2.885411,1.370685,-0.037865,0.218827,0.750526,-90.386696,91.845490,43.630249,-1.205269,12.872183,0.750526,-90.386696,91.845490,43.630249,-1.205269,12.872183,1959,1052,3076,2502,2022,2107,,0,,,,1.58,,0.03,0.42,1.65,33.16
80,0,2.6666666666666665,-29.180,0,0,0.022378,-2.845322,2.932153,1.373846,-0.037592,0.226589,0.023914,-2.840377,2.886561,1.370301,-0.037808,0.219547,0.023914,-2.840377,2.886561,1.370301,-0.037808,0.219547,0.023914,-2.840377,2.886561,1.370301,-0.037808,0.219547,0.761208,-90.412003,91.882080,43.618042,-1.203468,12.914503,0.761208,-90.412003,91.882080,43.618042,-1.203468,12.914503,1959,1051,3076,2502,2022,2107,,0,,,,1.58,,0.03,0.48,1.68,33.17
81,0,2.7,-29.309,0,0,0.022378,-2.845322,2.932153,1.373846,-0.037592,0.226589,0.024338,-2.842215,2.888439,1.369934,-0.037749,0.220428,0.024338,-2.842215,2.888439,1.369934,-0.037749,0.220428,0.024338,-2.842215,2.888439,1.369934,-0.037749,0.220428,0.774696,-90.470505,91.941864,43.606354,-1.201591,12.966329,0.774696,-90.470505,91.941864,43.606354,-1.201591,12.966329,1959,1051,3077,2502,2022,2108,,0,,,,1.64,,0.02,0.40,1.59,33.13
82,0,2.7333333333333334,-29.461,0,0,0.022378,-2.845322,2.932153,1.373846,-0.037592,0.226589,0.024757,-2.845308,2.891154,1.369557,-0.037699,0.221246,0.024757,-2.845308,2.891154,1.369557,-0.037699,0.221246,0.024757,-2.845308,2.891154,1.369557,-0.037699,0.221246,0.788033,-90.568954,92.028290,43.594360,-1.199989,13.014489,0.788033,-90.568954,92.028290,43.594360,-1.199989,13.014489,1959,1050,3078,2502,2022,2109,,0,,,,1.53,,0.03,0.42,1.57,33.17
83,0,2.7666666666666666,-29.320,0,0,0.022378,-2.845322,2.932153,1.373846,-0.037592,0.226589,0.025156,-2.849802,2.894821,1.369186,-0.037667,0.221879,0.025156,-2.849802,2.894821,1.369186,-0.037667,0.221879,0.025156,-2.849802,2.894821,1.369186,-0.037667,0.221879,0.800728,-90.712029,92.145020,43.582535,-1.198975,13.051716,0.800728,-90.712029,92.145020,43.582535,-1.198975,13.051716,1959,1048,3079,2502,2022,2109,,0,,,,1.53,,0.02,0.51,1.64,33.23
84,0,2.8,-29.401,0,0,0.022378,-2.845322,2.932153,1.373846,-0.037592,0.226589,0.025592,-2.855720,2.899510,1.368822,-0.037661,0.222308,0.025592,-2.855720,2.899510,1.368822,-0.037661,0.222308,0.025592,-2.855720,2.899510,1.368822,-0.037661,0.222308,0.814613,-90.900383,92.294250,43.570953,-1.198784,13.076952,0.814613,-90.900383,92.294250,43.570953,-1.198784,13.076952,1959,1046,3081,2502,2022,2110,,0,,,,1.53,,0.02,0.41,1.59,33.11
85,0,2.8333333333333335,-29.252,0,0,0.022378,-2.845322,2.932153,1.373846,-0.037592,0.226589,0.026078,-2.862876,2.905127,1.368342,-0.037684,0.222554,0.026078,-2.862876,2.905127,1.368342,-0.037684,0.222554,0.026078,-2.862876,2.905127,1.368342,-0.037684,0.222554,0.830101,-91.128159,92.473068,43.555679,-1.199516,13.091436,0.830101,-91.128159,92.473068,43.555679,-1.199516,13.091436,1960,1043,3083,2501,2022,2110,,0,,,,1.38,,0.02,0.39,1.98,33.19
86,0,2.8666666666666667,-29.422,0,0,0.022378,-2.845322,2.932153,1.373846,-0.037592,0.226589,0.026608,-2.870908,2.911427,1.367623,-0.037735,0.222607,0.026608,-2.870908,2.911427,1.367623,-0.037735,0.222607,0.026608,-2.870908,2.911427,1.367623,-0.037735,0.222607,0.846954,-91.383827,92.673599,43.532791,-1.201126,13.094536,0.846954,-91.383827,92.673599,43.532791,-1.201126,13.094536,1960,1040,3085,2501,2022,2110,,0,,,,1.40,,0.02,0.41,1.75,33.23
87,0,2.9,-29.563,0,0,0.025821,-2.845322,2.932153,1.373846,-0.037592,0.226589,0.027201,-2.879275,2.918011,1.366740,-0.037802,0.222393,0.027201,-2.879275,2.918011,1.366740,-0.037802,0.222393,0.027201,-2.879275,2.918010,1.366740,-0.037802,0.222393,0.865845,-91.650169,92.883163,43.504700,-1.203278,13.081932,0.865845,-91.650169,92.883163,43.504700,-1.203278,13.081932,1960,1037,3088,2501,2022,2110,,0,,,,1.47,,0.02,0.41,1.52,33.18
88,0,2.933333333333333,-28.790,0,0,0.025821,-2.845322,2.934983,1.373846,-0.037592,0.226589,0.027852,-2.887135,2.924196,1.365847,-0.037871,0.221834,0.027852,-2.887135,2.924196,1.365847,-0.037871,0.221834,0.027852,-2.887135,2.924196,1.365847,-0.037871,0.221834,0.886559,-91.900345,93.080048,43.476257,-1.205475,13.049069,0.886559,-91.900345,93.080048,43.476257,-1.205475,13.049069,1960,1035,3090,2501,2022,2109,,0,,,,1.63,,0.03,0.47,1.99,33.10
89,0,2.966666666666667,-29.332,0,0,0.025821,-2.845322,2.943475,1.373846,-0.039126,0.226589,0.028488,-2.893328,2.928974,1.365191,-0.037919,0.220943,0.028488,-2.893328,2.928974,1.365191,-0.037919,0.220943,0.025821,-2.845322,2.943475,1.373846,-0.039126,0.226589,0.821915,-90.569397,93.693695,43.730881,-1.245430,13.328775,0.821915,-90.569397,93.693695,43.730881,-1.245430,13.328775,1960,1033,3091,2500,2022,2109,physical_clip:shoulder_lift,1,,,,1.59,,0.03,0.44,1.61,33.36
90,1,3.0,-17.154,0,0,0.022378,-2.850912,2.951965,1.373846,-0.039126,0.226589,0.022604,-2.863565,2.954061,1.362680,-0.039866,0.222190,0.022604,-2.863565,2.954061,1.362680,-0.039866,0.222190,0.022604,-2.863565,2.954061,1.362680,-0.039866,0.222190,0.719513,-91.150093,94.030685,43.375443,-1.268974,13.070011,0.719513,-91.150093,94.030685,43.375443,-1.268974,13.070011,1959,1043,3100,2499,2021,2110,,0,125,1789034106.381323,10.8,1.67,8.37,2.84,0.46,2.04,32.73
91,0,3.033333333333333,-29.147,0,0,0.022378,-2.850912,2.966116,1.373846,-0.037592,0.226589,0.022814,-2.866698,2.958165,1.360897,-0.039819,0.220990,0.022814,-2.866698,2.958165,1.360897,-0.039819,0.220990,0.022814,-2.866698,2.958164,1.360897,-0.039819,0.220990,0.726173,-91.249840,94.161301,43.318695,-1.267479,12.999410,0.726173,-91.249840,94.161301,43.318695,-1.267479,12.999410,1959,1042,3102,2499,2021,2109,,0,,,,1.59,,0.03,0.48,1.72,33.16
92,0,3.066666666666667,-29.205,0,0,0.025821,-2.845322,2.980268,1.373846,-0.039126,0.226589,0.023165,-2.868301,2.960708,1.359476,-0.039759,0.220298,0.023165,-2.868301,2.960708,1.359476,-0.039759,0.220298,0.023165,-2.868301,2.960708,1.359476,-0.039759,0.220298,0.737366,-91.300858,94.242264,43.273468,-1.265556,12.958688,0.737366,-91.300858,94.242264,43.273468,-1.265556,12.958688,1959,1041,3103,2498,2021,2108,,0,,,,1.56,,0.03,0.43,1.76,33.24
93,0,3.1,-29.212,0,0,0.029264,-2.845322,2.991588,1.373846,-0.040660,0.226589,0.023533,-2.867783,2.961180,1.358697,-0.039649,0.220292,0.023533,-2.867783,2.961180,1.358697,-0.039649,0.220292,0.023533,-2.867783,2.961180,1.358697,-0.039649,0.220292,0.749077,-91.284370,94.257294,43.248657,-1.262054,12.958336,0.749077,-91.284370,94.257294,43.248657,-1.262054,12.958336,1959,1041,3103,2498,2021,2108,,0,,,,1.54,,0.03,0.56,1.60,33.11
94,0,3.1333333333333333,-29.463,0,0,0.029264,-2.845322,2.994419,1.373846,-0.040660,0.224265,0.023961,-2.864597,2.959038,1.358985,-0.039477,0.221099,0.023961,-2.864597,2.959038,1.358985,-0.039477,0.221099,0.023961,-2.864597,2.959038,1.358985,-0.039477,0.221099,0.762711,-91.182953,94.189117,43.257828,-1.256584,13.005829,0.762711,-91.182953,94.189117,43.257828,-1.256584,13.005829,1959,1043,3102,2498,2021,2109,,0,,,,1.51,,0.02,0.41,1.62,33.17
95,0,3.1666666666666665,-29.405,0,0,0.029264,-2.845322,3.000080,1.373846,-0.040660,0.223103,0.024585,-2.857828,2.953348,1.360539,-0.039227,0.222838,0.024585,-2.857828,2.953348,1.360539,-0.039227,0.222838,0.024585,-2.857828,2.953348,1.360540,-0.039227,0.222838,0.782547,-90.967491,94.007980,43.307312,-1.248619,13.108122,0.782547,-90.967491,94.007980,43.307312,-1.248619,13.108122,1959,1045,3100,2499,2021,2110,,0,,,,1.53,,0.03,0.44,1.64,33.23
96,0,3.2,-28.914,0,0,0.029264,-2.845322,3.000080,1.373846,-0.040660,0.223103,0.025287,-2.846318,2.942989,1.363451,-0.038862,0.225597,0.025287,-2.846318,2.942989,1.363451,-0.038862,0.225597,0.025287,-2.846318,2.942989,1.363451,-0.038862,0.225597,0.804901,-90.601112,93.678253,43.399994,-1.237000,13.270426,0.804901,-90.601112,93.678253,43.399994,-1.237000,13.270426,1959,1049,3096,2500,2022,2113,,0,,,,1.64,,0.03,0.43,1.92,33.13
97,0,3.2333333333333334,-29.153,0,0,0.025821,-2.845322,3.000080,1.373846,-0.039126,0.223103,0.025812,-2.828894,2.926872,1.367838,-0.038352,0.229451,0.025812,-2.828894,2.926872,1.367838,-0.038352,0.229451,0.025812,-2.828894,2.926872,1.367838,-0.038352,0.229451,0.821625,-90.046501,93.165207,43.539642,-1.220779,13.497144,0.821625,-90.046501,93.165207,43.539642,-1.220779,13.497144,1959,1055,3091,2501,2022,2116,,0,,,,1.76,,0.03,0.43,1.64,33.20
98,0,3.2666666666666666,-29.151,0,0,0.022378,-2.845322,3.000080,1.373846,-0.040660,0.223103,0.026153,-2.804385,2.903927,1.373745,-0.037673,0.234489,0.026153,-2.804385,2.903927,1.373745,-0.037673,0.234489,0.026153,-2.804385,2.903927,1.373745,-0.037673,0.234489,0.832474,-89.266350,92.434845,43.727676,-1.199165,13.793498,0.832474,-89.266350,92.434845,43.727676,-1.199165,13.793498,1960,1064,3083,2503,2022,2120,,0,,,,1.60,,0.03,0.45,1.69,33.17
99,0,3.3,-29.121,0,0,0.022378,-2.845322,3.000080,1.373846,-0.040660,0.223103,0.026433,-2.771813,2.873350,1.381232,-0.036788,0.240878,0.026433,-2.771813,2.873350,1.381232,-0.036788,0.240878,0.026433,-2.771813,2.873350,1.381232,-0.036788,0.240878,0.841377,-88.229561,91.461563,43.965958,-1.170990,14.169285,0.841377,-88.229561,91.461563,43.965958,-1.170990,14.169285,1960,1076,3072,2506,2023,2126,,0,,,,1.52,,0.02,0.40,1.87,33.13
100,0,3.3333333333333335,-29.257,0,0,0.025821,-2.834141,3.000080,1.373846,-0.037592,0.223103,0.026772,-2.730553,2.834700,1.390482,-0.035678,0.248822,0.026772,-2.730553,2.834700,1.390482,-0.035678,0.248822,0.026772,-2.730553,2.834699,1.390482,-0.035678,0.248822,0.852165,-86.916191,90.231293,44.260422,-1.135666,14.636594,0.852165,-86.916191,90.231293,44.260422,-1.135666,14.636594,1960,1091,3058,2510,2024,2133,,0,,,,1.56,,0.03,0.43,1.73,33.17
101,0,3.3666666666666667,-29.492,0,0,0.025821,-2.808986,3.000080,1.373846,-0.039126,0.223103,0.027012,-2.680226,2.787797,1.401732,-0.034350,0.258607,0.027012,-2.680226,2.787797,1.401732,-0.034350,0.258607,0.027012,-2.680226,2.787797,1.401732,-0.034350,0.258607,0.859818,-85.314240,88.738327,44.618515,-1.093384,15.212157,0.859818,-85.314240,88.738327,44.618515,-1.093384,15.212157,1960,1109,3041,2514,2025,2141,,0,,,,1.44,,0.02,0.43,1.63,33.21
102,0,3.4,-29.300,0,0,0.025821,-2.778241,2.991588,1.382081,-0.040660,0.231237,0.026991,-2.620634,2.732542,1.414924,-0.032802,0.270485,0.026991,-2.620634,2.732542,1.414924,-0.032802,0.270485,0.026991,-2.620634,2.732542,1.414924,-0.032802,0.270485,0.859138,-83.417358,86.979507,45.038437,-1.044128,15.910864,0.859138,-83.417358,86.979507,45.038437,-1.044128,15.910864,1960,1130,3022,2518,2026,2151,,0,,,,1.37,,0.02,0.41,1.84,33.15
103,0,3.433333333333333,-28.972,0,0,0.025821,-2.739111,2.968947,1.393060,-0.037592,0.240533,0.026613,-2.551819,2.668938,1.429863,-0.031047,0.284536,0.026613,-2.551819,2.668938,1.429863,-0.031047,0.284536,0.026613,-2.551819,2.668938,1.429863,-0.031047,0.284536,0.847115,-81.226913,84.954926,45.513947,-0.988266,16.737383,0.847115,-81.226913,84.954926,45.513947,-0.988266,16.737383,1960,1155,2999,2524,2027,2163,,0,,,,1.69,,0.03,0.46,1.80,33.17
104,0,3.466666666666667,-28.584,0,0,0.022378,-2.697186,2.937814,1.404041,-0.037592,0.250991,0.025890,-2.473953,2.597174,1.446339,-0.029079,0.300708,0.025890,-2.473953,2.597174,1.446339,-0.029079,0.300708,0.025890,-2.473953,2.597174,1.446339,-0.029079,0.300708,0.824120,-78.748360,82.670624,46.038406,-0.925621,17.688686,0.824120,-78.748360,82.670624,46.038406,-0.925621,17.688686,1960,1182,2974,2530,2028,2177,,0,,,,1.57,,0.03,0.46,2.33,33.21
105,0,3.5,-28.298,0,0,0.022378,-2.646876,2.895360,1.417765,-0.037592,0.262611,0.024947,-2.387499,2.517652,1.464332,-0.026902,0.318949,0.024947,-2.387499,2.517652,1.464332,-0.026902,0.318949,0.024947,-2.387499,2.517652,1.464332,-0.026902,0.318949,0.794098,-75.996437,80.139359,46.611130,-0.856323,18.761692,0.794098,-75.996437,80.139359,46.611130,-0.856323,18.761692,1959,1213,2946,2536,2029,2193,,0,,,,1.57,,0.03,0.44,2.63,33.16
106,0,3.533333333333333,-29.292,0,0,0.025821,-2.585385,2.844415,1.431490,-0.036057,0.275393,0.023785,-2.293009,2.430885,1.483887,-0.024537,0.339182,0.023785,-2.293009,2.430885,1.483887,-0.024537,0.339182,0.023785,-2.293009,2.430885,1.483888,-0.024537,0.339182,0.757095,-72.988731,77.377457,47.233612,-0.781044,19.951862,0.757095,-72.988731,77.377457,47.233612,-0.781044,19.951862,1959,1247,2915,2544,2031,2210,,0,,,,1.68,,0.03,0.42,1.59,33.18
107,0,3.566666666666667,-29.268,0,0,0.025821,-2.521100,2.782150,1.447960,-0.036057,0.290499,0.022303,-2.191068,2.337368,1.504915,-0.022005,0.361248,0.022303,-2.191068,2.337368,1.504915,-0.022005,0.361248,0.022303,-2.191068,2.337368,1.504915,-0.022005,0.361248,0.709930,-69.743866,74.400742,47.902939,-0.700439,21.249876,0.709930,-69.743866,74.400742,47.902939,-0.700439,21.249876,1958,1284,2882,2551,2033,2229,,0,,,,1.66,,0.03,0.43,1.56,33.16
108,0,3.6,-28.969,0,0,0.022378,-2.445635,2.714223,1.461685,-0.036057,0.307929,0.020472,-2.082310,2.237641,1.527245,-0.019328,0.384905,0.020472,-2.082310,2.237641,1.527245,-0.019328,0.384905,0.020472,-2.082310,2.237641,1.527245,-0.019328,0.384905,0.651642,-66.281990,71.226318,48.613708,-0.615242,22.641447,0.651642,-66.281990,71.226318,48.613708,-0.615242,22.641447,1958,1322,2847,2559,2034,2250,,0,,,,1.74,,0.03,0.47,1.66,33.02
109,0,3.6333333333333333,-29.356,0,0,0.022378,-2.361784,2.640636,1.480899,-0.034523,0.325359,0.018365,-1.967442,2.132343,1.550630,-0.016525,0.409857,0.018365,-1.967442,2.132343,1.550630,-0.016525,0.409857,0.018365,-1.967442,2.132343,1.550630,-0.016525,0.409857,0.584579,-62.625622,67.874588,49.358078,-0.526001,24.109262,0.584579,-62.625622,67.874588,49.358078,-0.526001,24.109262,1957,1364,2810,2568,2036,2271,,0,,,,1.55,,0.03,0.43,1.59,33.11
110,0,3.6666666666666665,-29.145,0,0,0.022378,-2.272344,2.558558,1.500114,-0.029920,0.345113,0.016035,-1.847268,2.022280,1.574909,-0.013613,0.435795,0.016035,-1.847268,2.022280,1.574909,-0.013613,0.435795,0.016035,-1.847268,2.022280,1.574909,-0.013613,0.435795,0.510406,-58.800377,64.371185,50.130905,-0.433304,25.635029,0.510406,-58.800377,64.371185,50.130905,-0.433304,25.635029,1957,1407,2771,2577,2038,2294,,0,,,,1.57,,0.03,0.45,1.75,33.20
111,0,3.7,-14.717,0,0,0.022378,-2.174519,2.473650,1.522074,-0.023782,0.367191,0.013565,-1.722686,1.908401,1.600012,-0.010610,0.462462,0.013565,-1.722686,1.908401,1.600012,-0.010610,0.462462,0.013565,-1.722686,1.908401,1.600012,-0.010610,0.462462,0.431801,-54.834808,60.746277,50.929947,-0.337723,27.203619,0.431801,-54.834808,60.746277,50.929947,-0.337723,27.203619,1956,1451,2731,2586,2040,2316,,0,,,,1.52,,0.03,0.46,16.17,33.10
112,0,3.7333333333333334,-29.521,0,0,0.022378,-2.073898,2.380252,1.541288,-0.020714,0.389269,0.011076,-1.594677,1.791711,1.625800,-0.007537,0.489594,0.011076,-1.594677,1.791711,1.625800,-0.007537,0.489594,0.011076,-1.594677,1.791712,1.625800,-0.007537,0.489594,0.352547,-50.760143,57.031937,51.750824,-0.239899,28.799625,0.352547,-50.760143,57.031937,51.750824,-0.239899,28.799625,1955,1497,2690,2595,2042,2340,,0,,,,1.48,,0.02,0.40,1.60,33.19
113,0,3.7666666666666666,-29.432,0,0,0.022378,-1.976073,2.292514,1.563248,-0.017645,0.407861,0.008514,-1.464235,1.673187,1.651982,-0.004419,0.516914,0.008514,-1.464235,1.673187,1.651982,-0.004419,0.516914,0.008514,-1.464235,1.673187,1.651982,-0.004419,0.516914,0.270996,-46.608044,53.259201,52.584213,-0.140663,30.406725,0.270996,-46.608044,53.259201,52.584213,-0.140663,30.406725,1954,1544,2648,2605,2044,2363,,0,,,,1.53,,0.03,0.42,1.61,33.22
114,0,3.8,-29.366,0,0,0.022378,-1.861478,2.193455,1.587952,-0.014576,0.431101,0.005769,-1.332333,1.553739,1.678174,-0.001281,0.544201,0.005769,-1.332333,1.553739,1.678174,-0.001281,0.544201,0.022378,-1.861478,2.193455,1.587952,-0.014576,0.431101,0.712326,-59.252670,69.819824,50.546097,-0.463982,25.358852,0.712326,-59.252670,69.819824,50.546097,-0.463982,25.358852,1954,1591,2610,2614,2046,2387,relative_limit:elbow_flex,1,,,,1.56,,0.03,0.41,1.59,33.11
115,0,3.8333333333333335,-29.347,0,0,0.022378,-1.744087,2.085904,1.609912,-0.011508,0.457826,0.002977,-1.199989,1.434243,1.704129,0.001863,0.571226,0.002977,-1.199989,1.434243,1.704129,0.001863,0.571226,0.022378,-1.744087,2.085904,1.609912,-0.011508,0.457826,0.712326,-55.516018,66.396393,51.245087,-0.366302,26.930964,0.712326,-55.516018,66.396393,51.245087,-0.366302,26.930964,1953,1638,2571,2624,2048,2410,relative_limit:elbow_flex,2,,,,1.54,,0.02,0.42,1.64,33.18
116,0,3.8666666666666667,-28.970,0,0,0.022378,-1.632287,1.989675,1.612657,-0.013042,0.476418,0.000235,-1.068322,1.315622,1.729720,0.004985,0.597781,0.000235,-1.068322,1.315622,1.729720,0.004985,0.597781,0.022378,-1.632287,1.989675,1.612657,-0.013042,0.476418,0.712326,-51.957294,63.333328,51.332458,-0.415138,28.024609,0.712326,-51.957294,63.333328,51.332458,-0.415138,28.024609,1952,1685,2537,2633,2050,2433,relative_limit:elbow_flex,3,,,,1.62,,0.03,0.53,1.78,33.18
117,0,3.9,-29.135,0,0,0.022378,-1.568001,1.930239,1.601678,-0.013042,0.476418,-0.002509,-0.938462,1.198778,1.754792,0.008056,0.623685,-0.002509,-0.938462,1.198778,1.754792,0.008056,0.623685,0.022378,-1.568001,1.930239,1.601678,-0.013042,0.476418,0.712326,-49.911034,61.441437,50.982971,-0.415138,28.024609,0.712326,-49.911034,61.441437,50.982971,-0.415138,28.024609,1951,1731,2516,2642,2052,2455,"relative_limit:shoulder_lift,elbow_flex",4,,,,1.52,,0.03,0.51,1.77,33.13
118,0,3.933333333333333,-29.560,0,0,0.022378,-1.565206,1.924579,1.607167,-0.013042,0.471770,-0.005403,-0.811505,1.084602,1.779120,0.011042,0.648734,-0.005403,-0.811505,1.084602,1.779120,0.011042,0.648734,0.022378,-1.565206,1.924579,1.607167,-0.013042,0.471770,0.712326,-49.822063,61.261261,51.157715,-0.415138,27.751196,0.712326,-49.822063,61.261261,51.157715,-0.415138,27.751196,1950,1732,2514,2651,2054,2477,"relative_limit:shoulder_lift,elbow_flex",5,,,,1.38,,0.02,0.42,1.61,33.16
119,0,3.966666666666667,-29.591,0,0,0.025821,-1.584771,1.958543,1.607167,-0.013042,0.469446,-0.008430,-0.688552,0.974044,1.802498,0.013920,0.672720,-0.008430,-0.688552,0.974044,1.802498,0.013920,0.672720,0.025821,-1.584771,1.958543,1.607167,-0.013042,0.469446,0.821915,-50.444839,62.342346,51.157715,-0.415138,27.614489,0.821915,-50.444839,62.342346,51.157715,-0.415138,27.614489,1950,1725,2527,2660,2056,2497,"relative_limit:shoulder_lift,elbow_flex",6,,,,1.39,,0.02,0.42,1.59,33.28
120,0,4.0,-29.026,0,0,0.025821,-1.581976,1.984015,1.609912,-0.013042,0.469446,-0.011548,-0.570704,0.868086,1.824801,0.016669,0.695489,-0.011548,-0.570704,0.868086,1.824801,0.016669,0.695489,0.025821,-1.581976,1.984015,1.609912,-0.013042,0.469446,0.821915,-50.355873,63.153152,51.245087,-0.415138,27.614489,0.821915,-50.355873,63.153152,51.245087,-0.415138,27.614489,1949,1726,2535,2668,2058,2517,"relative_limit:shoulder_lift,elbow_flex",7,,,,1.58,,0.03,0.47,1.73,33.01
121,0,4.033333333333333,-29.281,0,0,0.025821,-1.568001,1.989675,1.609912,-0.013042,0.469446,-0.014660,-0.458957,0.767634,1.845833,0.019270,0.716876,-0.014660,-0.458957,0.767634,1.845833,0.019270,0.716876,0.025821,-1.568001,1.989675,1.609912,-0.013042,0.469446,0.821915,-49.911034,63.333328,51.245087,-0.415138,27.614489,0.821915,-49.911034,63.333328,51.245087,-0.415138,27.614489,1948,1731,2537,2675,2060,2535,"relative_limit:shoulder_lift,elbow_flex",8,,,,1.53,,0.03,0.45,1.68,33.18
122,0,4.066666666666666,-29.111,0,0,0.025821,-1.568001,2.006657,1.609912,-0.013042,0.469446,-0.017681,-0.354232,0.673530,1.865365,0.021698,0.736719,-0.017681,-0.354232,0.673530,1.865365,0.021698,0.736719,0.025821,-1.568001,2.006657,1.609912,-0.013042,0.469446,0.821915,-49.911034,63.873871,51.245087,-0.415138,27.614489,0.821915,-49.911034,63.873871,51.245087,-0.415138,27.614489,1947,1731,2543,2683,2061,2553,"relative_limit:shoulder_lift,elbow_flex",9,,,,1.58,,0.03,0.45,1.78,33.21
123,0,4.1,-29.275,0,0,0.025821,-1.565206,2.015147,1.609912,-0.013042,0.469446,-0.020510,-0.257389,0.586592,1.883197,0.023933,0.754973,-0.020510,-0.257389,0.586592,1.883197,0.023933,0.754973,0.025821,-1.565206,2.015147,1.609912,-0.013042,0.469446,0.821915,-49.822063,64.144135,51.245087,-0.415138,27.614489,0.821915,-49.822063,64.144135,51.245087,-0.415138,27.614489,1946,1732,2546,2689,2063,2568,"relative_limit:shoulder_lift,elbow_flex",10,,,,1.58,,0.04,0.47,1.59,33.11
124,0,4.133333333333334,-28.951,0,0,0.025821,-1.559616,2.029299,1.609912,-0.013042,0.469446,-0.023108,-0.169224,0.507570,1.899199,0.025964,0.771657,-0.023108,-0.169224,0.507570,1.899199,0.025964,0.771657,0.025821,-1.559616,2.029299,1.609912,-0.013042,0.469446,0.821915,-49.644123,64.594604,51.245087,-0.415138,27.614489,0.821915,-49.644123,64.594604,51.245087,-0.415138,27.614489,1945,1734,2552,2695,2064,2583,"relative_limit:shoulder_lift,elbow_flex",11,,,,1.68,,0.03,0.54,1.78,33.22
125,0,4.166666666666667,-29.354,0,0,0.029264,-1.556821,2.040620,1.609912,-0.013042,0.469446,-0.025455,-0.090355,0.436942,1.913368,0.027784,0.786757,-0.025455,-0.090355,0.436942,1.913368,0.027784,0.786757,0.029264,-1.556821,2.040620,1.609912,-0.013042,0.469446,0.931503,-49.555161,64.954956,51.245087,-0.415138,27.614489,0.931503,-49.555161,64.954956,51.245087,-0.415138,27.614489,1945,1735,2556,2700,2065,2596,"relative_limit:shoulder_lift,elbow_flex",12,,,,1.57,,0.03,0.46,1.59,33.21
126,0,4.2,-29.410,0,0,0.029264,-1.554026,2.051941,1.609912,-0.013042,0.469446,-0.027508,-0.021119,0.374769,1.925884,0.029392,0.800250,-0.027508,-0.021119,0.374769,1.925884,0.029392,0.800250,0.029264,-1.554026,2.051941,1.609912,-0.013042,0.469446,0.931503,-49.466194,65.315292,51.245087,-0.415138,27.614489,0.931503,-49.466194,65.315292,51.245087,-0.415138,27.614489,1944,1736,2559,2705,2066,2607,"relative_limit:shoulder_lift,elbow_flex",13,,,,1.51,,0.02,0.42,1.60,33.12
127,0,4.233333333333333,-29.290,0,0,0.025821,-1.551231,2.063262,1.609912,-0.013042,0.469446,-0.029225,0.038479,0.320754,1.936975,0.030798,0.812143,-0.029225,0.038479,0.320754,1.936975,0.030798,0.812143,0.025821,-1.551231,2.063262,1.609912,-0.013042,0.469446,0.821915,-49.377228,65.675674,51.245087,-0.415138,27.614489,0.821915,-49.377228,65.675674,51.245087,-0.415138,27.614489,1944,1737,2563,2709,2067,2615,"relative_limit:shoulder_lift,elbow_flex,gripper",14,,,,1.51,,0.02,0.42,1.76,33.16
128,0,4.266666666666667,-29.145,0,0,0.025821,-1.548436,2.074584,1.609912,-0.013042,0.469446,-0.030646,0.088733,0.274407,1.946872,0.032015,0.822483,-0.030646,0.088733,0.274407,1.946872,0.032015,0.822483,0.025821,-1.548436,2.074584,1.609912,-0.013042,0.469446,0.821915,-49.288254,66.036041,51.245087,-0.415138,27.614489,0.821915,-49.288254,66.036041,51.245087,-0.415138,27.614489,1943,1738,2568,2712,2068,2615,"relative_limit:shoulder_lift,elbow_flex,gripper",15,,,,1.56,,0.03,0.45,1.80,33.21
