video_index,grabber_seq,unix_time
0,123,1789034604.1903777
1,124,1789034604.2215145
2,125,1789034604.2513628
3,126,1789034604.2815142
4,127,1789034604.3120422
5,128,1789034604.3424497
6,129,1789034604.3730187
7,130,1789034604.4036894
8,131,1789034604.433925
9,132,1789034604.4644895
10,133,1789034604.5561705
11,134,1789034604.6172724
12,135,1789034604.6776378
13,136,1789034604.7079763
14,137,1789034604.7384763
15,138,1789034604.768969
16,139,1789034604.7993228
17,140,1789034604.829795
18,141,1789034604.8602204
19,142,1789034604.890957
20,143,1789034604.9212883
21,144,1789034604.951876
22,145,1789034604.9827504
23,146,1789034605.0128095
24,147,1789034605.0432878
25,148,1789034605.1040976
26,149,1789034605.134653
27,150,1789034605.1651168
28,151,1789034605.2264395
29,152,1789034605.257106
30,153,1789034605.2875588
31,154,1789034605.3178356
32,155,1789034605.3485484
33,156,1789034605.3784523
34,157,1789034605.4088671
35,158,1789034605.4393623
36,159,1789034605.5002103
37,160,1789034605.530709
38,161,1789034605.561079
39,162,1789034605.5916836
40,163,1789034605.6525226
41,164,1789034605.6831937
42,165,1789034605.713853
43,166,1789034605.7439053
44,167,1789034605.7745202
45,168,1789034605.8050637
46,169,1789034605.835301
47,170,1789034605.86586
48,171,1789034605.9267597
49,172,1789034605.9577286
50,173,1789034605.9876893
51,174,1789034606.0183325
52,175,1789034606.048835
53,176,1789034606.0795329
54,177,1789034606.1101727
55,178,1789034606.1402395
56,179,1789034606.2010758
57,180,1789034606.2314694
58,181,1789034606.292519
59,182,1789034606.3235364
60,183,1789034606.353506
61,184,1789034606.384161
62,185,1789034606.4146159
63,186,1789034606.4453135
64,187,1789034606.475355
65,188,1789034606.5058045
66,189,1789034606.5666087
67,190,1789034606.597175
68,191,1789034606.6275194
69,192,1789034606.6582155
70,193,1789034606.6890476
71,194,1789034606.7496552
72,195,1789034606.7801352
73,196,1789034606.8108766
74,197,1789034606.8713126
75,198,1789034606.903077
76,199,1789034606.932262
77,200,1789034606.962854
78,201,1789034606.9934072
79,202,1789034607.0245044
80,203,1789034607.0544481
81,204,1789034607.085012
82,205,1789034607.1458063
83,206,1789034607.176474
84,207,1789034607.2072144
85,208,1789034607.2371979
86,209,1789034607.2980158
87,210,1789034607.328413
88,211,1789034607.3592682
89,212,1789034607.3896713
90,213,1789034607.420112
91,214,1789034607.4504411
92,215,1789034607.4808927
93,216,1789034607.5114877
94,217,1789034607.5725007
95,218,1789034607.6029541
96,219,1789034607.6332285
97,220,1789034607.6635425
98,221,1789034607.694148
99,222,1789034607.7249765
100,223,1789034607.8163087
101,224,1789034607.8469138
102,225,1789034607.877277
103,226,1789034607.938025
104,227,1789034607.968506
105,228,1789034607.9989402
106,229,1789034608.0294516
107,230,1789034608.0596766
108,231,1789034608.0906432
109,232,1789034608.1210597
110,233,1789034608.1512575
111,234,1789034608.1819522
112,235,1789034608.2427962
113,236,1789034609.8919425
114,237,1789034609.9224074
115,238,1789034609.9829893
116,239,1789034610.0134642
117,240,1789034610.0443969
118,241,1789034610.0748842
119,242,1789034610.105262
120,243,1789034610.1356802
121,244,1789034610.1661863
122,245,1789034610.1966505
123,246,1789034610.227035
124,247,1789034610.2574782
125,248,1789034610.2898166
126,249,1789034610.3489394
127,250,1789034610.3792915
128,251,1789034610.4098403
129,252,1789034610.4706895
130,253,1789034610.5317192
131,254,1789034610.5926774
132,255,1789034610.6535735
133,256,1789034610.684036
134,257,1789034610.7143998
135,258,1789034610.775834
136,259,1789034610.8059747
137,260,1789034610.8365836
138,261,1789034610.86689
139,262,1789034610.897509
140,263,1789034610.9278324
141,264,1789034610.9585657
142,265,1789034610.988862
143,266,1789034611.0192282
144,267,1789034611.080182
145,268,1789034611.1411567
146,269,1789034611.1716297
147,270,1789034611.2022567
148,271,1789034611.2326233
149,272,1789034611.263252
150,273,1789034611.2941012
151,274,1789034611.324148
152,275,1789034611.354423
153,276,1789034611.3848937
154,277,1789034611.4153364
155,278,1789034611.4459763
156,279,1789034611.506791
157,280,1789034611.5677485
158,281,1789034611.6287868
159,282,1789034611.659416
160,283,1789034611.6895752
161,284,1789034611.7201807
162,285,1789034611.7507257
163,286,1789034611.8117611
164,287,1789034611.872678
165,288,1789034611.9028883
166,289,1789034611.9334505
167,290,1789034611.9639537
168,291,1789034611.9942472
169,292,1789034612.02491
170,293,1789034612.055321
171,294,1789034612.08569
172,295,1789034612.1161706
173,296,1789034612.177211
174,297,1789034612.2076435
175,298,1789034612.2685544
176,299,1789034612.299041
177,300,1789034612.329651
178,301,1789034612.3600018
179,302,1789034612.39034
180,303,1789034612.4208686
181,304,1789034612.4513688
182,305,1789034612.4817421
183,306,1789034612.543547
184,307,1789034612.5732358
185,308,1789034612.6037397
186,309,1789034612.6340473
187,310,1789034612.6648886
188,311,1789034612.725682
189,312,1789034612.756154
190,313,1789034612.786549
191,314,1789034612.8172588
192,315,1789034612.84757
193,316,1789034612.9090447
194,317,1789034612.9389415
195,318,1789034612.969351
196,319,1789034612.999947
197,320,1789034613.030348
198,321,1789034613.0610855
199,322,1789034613.091516
200,323,1789034613.12178
201,324,1789034613.1826284
202,325,1789034613.2131548
203,326,1789034613.2742774
204,327,1789034613.3047352
205,328,1789034613.3351674
206,329,1789034613.3654122
207,330,1789034613.3959968
208,331,1789034613.4264193
209,332,1789034613.4874163
210,333,1789034613.5179687
211,334,1789034613.548349
212,335,1789034613.5787742
213,336,1789034613.6093996
214,337,1789034613.6399667
215,338,1789034613.6703138
216,339,1789034613.7007296
217,340,1789034613.7314363
218,341,1789034613.7973642
219,342,1789034613.8226085
220,343,1789034613.8834517
221,344,1789034613.944692
222,345,1789034613.975164
223,346,1789034614.0057273
224,347,1789034614.0359912
225,348,1789034614.0665371
226,349,1789034614.1274173
227,350,1789034614.157825
228,351,1789034614.1884227
229,352,1789034614.2186947
230,353,1789034614.2491884
231,354,1789034614.2796116
232,355,1789034614.3407047
233,356,1789034614.3711479
234,357,1789034614.4015656
235,358,1789034614.4320064
236,359,1789034614.462391
237,360,1789034614.493118
238,361,1789034614.523425
239,362,1789034614.553768
240,363,1789034614.645268
241,364,1789034614.7064323
242,365,1789034614.7369733
243,366,1789034614.7671876
244,367,1789034614.7977061
245,368,1789034614.8280249
246,369,1789034614.8891044
247,370,1789034614.9195864
248,371,1789034614.9499142
249,372,1789034614.98033
250,373,1789034615.0108116
251,374,1789034615.0417712
252,375,1789034615.1026618
253,376,1789034615.133043
254,377,1789034615.1634302
255,378,1789034615.1936853
256,379,1789034615.224249
257,380,1789034615.2851331
258,381,1789034615.346413
259,382,1789034615.376707
260,383,1789034615.4375994
261,384,1789034615.46816
262,385,1789034615.4988036
263,386,1789034615.530227
264,387,1789034615.5899603
265,388,1789034615.6508424
266,389,1789034615.6812186
267,390,1789034615.7117727
268,391,1789034615.7426007
269,392,1789034615.7727747
270,393,1789034615.8034377
271,394,1789034615.8337114
272,395,1789034615.8645234
273,396,1789034615.8947096
274,397,1789034615.9251168
275,398,1789034615.9860194
276,399,1789034616.0471082
277,400,1789034616.077819
278,401,1789034616.1082923
279,402,1789034616.1384947
280,403,1789034616.1690106
281,404,1789034616.1994622
282,405,1789034616.230187
283,406,1789034616.260579
284,407,1789034616.3212419
285,408,1789034616.3517022
286,409,1789034616.382151
287,410,1789034616.4126737
288,411,1789034616.4432032
289,412,1789034616.473968
290,413,1789034616.534841
291,414,1789034616.565329
292,415,1789034616.595802
293,416,1789034616.626292
294,417,1789034616.686966
295,418,1789034616.7480392
296,419,1789034616.7784133
297,420,1789034616.809581
298,421,1789034616.8395028
299,422,1789034616.869898
300,423,1789034616.9003963
301,424,1789034616.9308667
302,425,1789034616.96133
303,426,1789034616.991935
304,427,1789034617.0223646
305,428,1789034617.0830398
306,429,1789034617.1440768
307,430,1789034617.1749592
308,431,1789034617.2052228
309,432,1789034617.2356203
310,433,1789034617.2661793
311,434,1789034617.29659
312,435,1789034617.3271294
313,436,1789034617.357619
314,437,1789034617.3879728
315,438,1789034617.4183493
316,439,1789034617.4795318
317,440,1789034617.510488
318,441,1789034617.5405312
319,442,1789034617.5709474
320,443,1789034617.6320865
321,444,1789034617.6623673
322,445,1789034617.692857
323,446,1789034617.7235422
324,447,1789034617.784095
325,448,1789034617.8145335
326,449,1789034617.8450294
327,450,1789034617.8761384
328,451,1789034617.9062097
329,452,1789034617.9366446
330,453,1789034617.9670258
331,454,1789034617.9977112
332,455,1789034618.0280929
333,456,1789034618.0585525
334,457,1789034618.0890074
335,458,1789034618.1195016
336,459,1789034618.2110395
337,460,1789034618.2718933
338,461,1789034618.3022988
339,462,1789034618.3328097
340,463,1789034618.3634486
341,464,1789034618.3938034
342,465,1789034618.4242601
343,466,1789034618.454859
344,467,1789034618.4857152
345,468,1789034618.5155838
346,469,1789034618.5466633
347,470,1789034618.5773919
348,471,1789034618.6380084
349,472,1789034618.6995146
350,473,1789034618.7305703
351,474,1789034618.7596974
352,475,1789034618.7900784
353,476,1789034618.8206155
354,477,1789034618.8513021
355,478,1789034618.881825
356,479,1789034618.9426022
357,480,1789034618.9728546
358,481,1789034619.0032558
359,482,1789034619.033991
360,483,1789034619.064304
361,484,1789034619.0947666
362,485,1789034619.1252596
363,486,1789034619.1555996
364,487,1789034619.2469673
365,488,1789034619.308402
366,489,1789034619.3384595
367,490,1789034619.3690078
368,491,1789034619.3994267
369,492,1789034619.4298368
370,493,1789034619.4603279
371,494,1789034619.4908156
372,495,1789034619.5214963
373,496,1789034619.5517068
374,497,1789034619.582199
375,498,1789034619.61261
376,499,1789034619.6432972
377,500,1789034619.673633
378,501,1789034619.7042449
379,502,1789034619.7347865
380,503,1789034619.7957122
381,504,1789034619.856676
382,505,1789034619.9176784
383,506,1789034619.947953
384,507,1789034619.978367
385,508,1789034620.0093796
386,509,1789034620.039746
387,510,1789034620.0701718
388,511,1789034620.1003158
389,512,1789034620.1307535
390,513,1789034620.1612594
391,514,1789034620.1918252
392,515,1789034620.222153
393,516,1789034620.2831802
394,517,1789034620.3473833
395,518,1789034620.3750622
396,519,1789034620.4051797
397,520,1789034620.4354725
398,521,1789034620.4659996
399,522,1789034620.4965303
400,523,1789034620.5269406
401,524,1789034620.5574973
402,525,1789034620.5884092
403,526,1789034620.6183639
404,527,1789034620.6493073
405,528,1789034620.6793473
406,529,1789034620.7101734
407,530,1789034620.7405345
408,531,1789034620.770871
409,532,1789034620.8014257
410,533,1789034620.8317294
411,534,1789034620.9232857
412,535,1789034620.9536278
413,536,1789034620.9848878
414,537,1789034621.0144916
415,538,1789034621.0450885
416,539,1789034621.1061695
417,540,1789034621.1367176
418,541,1789034621.1669884
419,542,1789034621.228053
420,543,1789034621.2892065
421,544,1789034621.3497996
422,545,1789034621.3802886
423,546,1789034621.4416022
424,547,1789034621.4718087
425,548,1789034621.5022342
426,549,1789034621.563148
427,550,1789034621.5935843
428,551,1789034621.6241636
429,552,1789034621.6545925
430,553,1789034621.6851428
431,554,1789034621.7154722
432,555,1789034621.745918
433,556,1789034621.7767575
